{
  "id": "gato-fofis",
  "title": "Gato Fofis",
  "viewBox": "0 0 256 256",
  "palette": [
    "#FF6B6B",
    "#FFD93D",
    "#6BCB77",
    "#4D96FF",
    "#B980F0",
    "#F473B9",
    "#FFA351",
    "#00C2A8"
  ],
  "regions": [
    {
      "id": "ear-left",
      "d": "M64,64 L96,24 112,80 Z",
      "initialFill": "#FFFFFF",
      "z": 2
    },
    {
      "id": "ear-right",
      "d": "M192,64 L160,24 144,80 Z",
      "initialFill": "#FFFFFF",
      "z": 2
    },
    {
      "id": "face",
      "d": "M128,40 a88,88 0 1,0 0,176 a88,88 0 1,0 0,-176 z",
      "initialFill": "#FFFFFF",
      "z": 1
    }
  ]
}